<application>
  <component name="CodeFoldingSettings">
    <option name="COLLAPSE_FILE_HEADER" value="false" />
  </component>
  <component name="CodeInsightSettings">
    <option name="SHOW_PARAMETER_NAME_HINTS_ON_COMPLETION" value="true" />
    <option name="SURROUND_SELECTION_ON_QUOTE_TYPED" value="true" />
    <option name="OPTIMIZE_IMPORTS_ON_THE_FLY" value="true" />
    <option name="ADD_UNAMBIGIOUS_IMPORTS_ON_THE_FLY" value="true" />
    <EXCLUDED_PACKAGE NAME="com.sun.tools.javac.util.List" />
  </component>
  <component name="DaemonCodeAnalyzerSettings">
    <option name="NEXT_ERROR_ACTION_GOES_TO_ERRORS_FIRST" value="false" />
  </component>
  <component name="JavaCodeFoldingSettings">
    <option name="collapseConstructorGenericParameters" value="false" />
    <option name="collapseI18nMessages" value="false" />
    <option name="collapseLambdas" value="false" />
    <option name="collapseOneLineMethods" value="false" />
    <option name="collapseSuppressWarnings" value="false" />
  </component>
</application>