<application>
  <component name="FileTypeManager" version="17">
    <ignoreFiles list="*.hprof;*.pyc;*.pyo;*.rbc;*~;.DS_Store;.git;.hg;.svn;CVS;RCS;SCCS;__pycache__;_svn;rcs;" />
    <extensionMap>
      <mapping ext="klib" type="ARCHIVE" />
      <mapping ext="bash_profile" type="Bash" />
      <mapping ext="ngt" type="HTML" />
      <mapping pattern="PageFlowServiceTest" type="JavaScript" />
      <mapping ext="php" type="PHP" />
      <mapping pattern="run" type="PLAIN_TEXT" />
      <mapping pattern="fraud" type="PLAIN_TEXT" />
      <mapping pattern="start_split" type="PLAIN_TEXT" />
      <mapping pattern=".ruby-version" type="PLAIN_TEXT" />
      <mapping pattern="AdminYardiMarketingSourcesController" type="PLAIN_TEXT" />
      <mapping pattern="bibbity" type="PLAIN_TEXT" />
      <mapping pattern="dsaads" type="PLAIN_TEXT" />
      <mapping ext="bin" type="PLAIN_TEXT" />
      <mapping ext="ini" type="PLAIN_TEXT" />
      <mapping ext="__styleext__" type="SCSS" />
      <mapping pattern="V30__PurgeReportsForLoanNumberEncryption" type="SQL" />
      <mapping pattern="Procfile" type="YAML" />
      <mapping ext="gitconfig" type="YAML" />
    </extensionMap>
  </component>
</application>