<application>
  <component name="FindSettings">
    <option name="customScope" value="All Places" />
    <option name="defaultScopeName" value="All Places" />
    <option name="localCaseSensitive" value="true" />
    <option name="LOCAL_CASE_SENSITIVE_SEARCH" value="true" />
    <option name="SEARCH_SCOPE" value="All Places" />
    <mask>*.jsp</mask>
    <mask>*.xml</mask>
    <mask>*.js</mask>
    <mask>*.as</mask>
    <mask>*.css</mask>
    <mask>*.mxml</mask>
    <mask>*.kt</mask>
    <mask>*.kt,!*Test.kt</mask>
    <mask>.java</mask>
    <mask>*Repository.java</mask>
    <mask>*Test.java</mask>
    <mask>V*</mask>
    <mask>*.sh</mask>
    <mask>*.properties</mask>
    <mask>*Acceptance*</mask>
    <mask>*.yml</mask>
    <mask>*Controlle</mask>
    <mask>*.html</mask>
    <mask>*Controller.java</mask>
    <mask>*.spec.ts</mask>
    <mask>*.java</mask>
  </component>
</application>