<application>
  <component name="GeneralSettings">
    <option name="confirmExit" value="false" />
    <option name="confirmOpenNewProject2" value="0" />
    <option name="processCloseConfirmation" value="TERMINATE" />
    <option name="searchInBackground" value="true" />
    <option name="showTipsOnStartup" value="false" />
  </component>
  <component name="Registry">
    <entry key="ide.firstStartup" value="false" />
    <entry key="SBT.system.in.process" value="true" />
    <entry key="compiler.automake.allow.when.app.running" value="true" />
    <entry key="compiler.automake.trigger.delay" value="100" />
    <entry key="debugger.watches.in.variables" value="false" />
    <entry key="git.explicit.commit.renames.prohibit.multiple.calls" value="false" />
    <entry key="editor.distraction.free.mode" value="true" />
  </component>
</application>