<application>
  <component name="KeyPromoterXStatistic">
    <option name="statistics">
      <Statistic Action="Add New Row">
        <Item>
          <IdeaActionID>Console.TableResult.AddRow</IdeaActionID>
          <ShortCut>'⌘N' or '⌃⏎'</ShortCut>
          <Description>Add New Row</Description>
          <Count>61</Count>
        </Item>
      </Statistic>
      <Statistic Action="Build Project">
        <Item>
          <IdeaActionID>CompileDirty</IdeaActionID>
          <ShortCut>'⌃⌥⇧⌘B'</ShortCut>
          <Description>Build Project</Description>
          <Count>1</Count>
        </Item>
      </Statistic>
      <Statistic Action="Columns List">
        <Item>
          <IdeaActionID>Console.TableResult.ColumnsList</IdeaActionID>
          <ShortCut>'⌘F12'</ShortCut>
          <Description>Columns List</Description>
          <Count>1</Count>
        </Item>
      </Statistic>
      <Statistic Action="Database Tools...">
        <Item>
          <IdeaActionID>DatabaseView.ToolsPopup</IdeaActionID>
          <ShortCut>'⌥⏎'</ShortCut>
          <Description>Database Tools...</Description>
          <Count>2</Count>
        </Item>
      </Statistic>
      <Statistic Action="Debug 'userById()'">
        <Item>
          <IdeaActionID>DebugClass</IdeaActionID>
          <ShortCut>'⌃⇧D'</ShortCut>
          <Description>Debug 'userById()'</Description>
          <Count>1</Count>
        </Item>
      </Statistic>
      <Statistic Action="Debug 'whenBillYearOffset...()'">
        <Item>
          <IdeaActionID>DebugClass</IdeaActionID>
          <ShortCut>'⌃⇧D'</ShortCut>
          <Description>Debug 'whenBillYearOffset...()'</Description>
          <Count>1</Count>
        </Item>
      </Statistic>
      <Statistic Action="Debug 'whenValidTBADateRe...()'">
        <Item>
          <IdeaActionID>DebugClass</IdeaActionID>
          <ShortCut>'⌃⇧D'</ShortCut>
          <Description>Debug 'whenValidTBADateRe...()'</Description>
          <Count>1</Count>
        </Item>
      </Statistic>
      <Statistic Action="Declaration">
        <Item>
          <IdeaActionID>GotoDeclaration</IdeaActionID>
          <ShortCut>'⌘B' or '⌘Button1 Click' or 'Button2 Click'</ShortCut>
          <Description>Declaration</Description>
          <Count>168</Count>
        </Item>
      </Statistic>
      <Statistic Action="Delete Row">
        <Item>
          <IdeaActionID>Console.TableResult.DeleteRows</IdeaActionID>
          <ShortCut>'⌘⌫'</ShortCut>
          <Description>Delete Row</Description>
          <Count>3</Count>
        </Item>
      </Statistic>
      <Statistic Action="Delete Rows">
        <Item>
          <IdeaActionID>Console.TableResult.DeleteRows</IdeaActionID>
          <ShortCut>'⌘⌫'</ShortCut>
          <Description>Delete Rows</Description>
          <Count>2</Count>
        </Item>
      </Statistic>
      <Statistic Action="Delete...">
        <Item>
          <IdeaActionID>$Delete</IdeaActionID>
          <ShortCut>'⌦' or '⌫' or '⌘⌫'</ShortCut>
          <Description>Delete...</Description>
          <Count>1</Count>
        </Item>
      </Statistic>
      <Statistic Action="Detach Gradle project">
        <Item>
          <IdeaActionID>ExternalSystem.DetachProject</IdeaActionID>
          <ShortCut>'⌦' or '⌫' or '⌘⌫'</ShortCut>
          <Description>Detach Gradle project</Description>
          <Count>1</Count>
        </Item>
      </Statistic>
      <Statistic Action="Disconnect">
        <Item>
          <IdeaActionID>DatabaseView.CloseConnectionAction</IdeaActionID>
          <ShortCut>'⌘F2'</ShortCut>
          <Description>Disconnect</Description>
          <Count>24</Count>
        </Item>
      </Statistic>
      <Statistic Action="Duplicate">
        <Item>
          <IdeaActionID>DatabaseView.CopyAction</IdeaActionID>
          <ShortCut>'⌘D'</ShortCut>
          <Description>Duplicate</Description>
          <Count>2</Count>
        </Item>
      </Statistic>
      <Statistic Action="Edit Source">
        <Item>
          <IdeaActionID>Vcs.EditSource</IdeaActionID>
          <ShortCut>'⌘↓' or 'F4'</ShortCut>
          <Description>Edit Source</Description>
          <Count>1</Count>
        </Item>
      </Statistic>
      <Statistic Action="Generate DDL to Clipboard">
        <Item>
          <IdeaActionID>DatabaseView.CopyDdlAction</IdeaActionID>
          <ShortCut>'⇧⌘C'</ShortCut>
          <Description>Generate DDL to Clipboard</Description>
          <Count>1</Count>
        </Item>
      </Statistic>
      <Statistic Action="Generate...">
        <Item>
          <IdeaActionID>Generate</IdeaActionID>
          <ShortCut>'⌘N' or '⌃⏎'</ShortCut>
          <Description>Generate...</Description>
          <Count>1</Count>
        </Item>
      </Statistic>
      <Statistic Action="GoTo">
        <Item>
          <IdeaActionID>GotoDeclaration</IdeaActionID>
          <ShortCut>'⌘B' or '⌘Button1 Click' or 'Button2 Click'</ShortCut>
          <Description>GoTo</Description>
          <Count>35</Count>
        </Item>
      </Statistic>
      <Statistic Action="Jump to Console...">
        <Item>
          <IdeaActionID>Jdbc.OpenConsole.Any</IdeaActionID>
          <ShortCut>'⇧⌘F10'</ShortCut>
          <Description>Jump to Console...</Description>
          <Count>3</Count>
        </Item>
      </Statistic>
      <Statistic Action="Optimize Imports">
        <Item>
          <IdeaActionID>OptimizeImports</IdeaActionID>
          <ShortCut>'⌃⌥O'</ShortCut>
          <Description>Optimize Imports</Description>
          <Count>1</Count>
        </Item>
      </Statistic>
      <Statistic Action="Properties">
        <Item>
          <IdeaActionID>DatabaseView.PropertiesAction</IdeaActionID>
          <ShortCut>'⌘I'</ShortCut>
          <Description>Properties</Description>
          <Count>2</Count>
        </Item>
      </Statistic>
      <Statistic Action="Rebuild 'io'">
        <Item>
          <IdeaActionID>Compile</IdeaActionID>
          <ShortCut>'⇧⌘F9'</ShortCut>
          <Description>Rebuild 'io'</Description>
          <Count>1</Count>
        </Item>
      </Statistic>
      <Statistic Action="Recompile 'DemoApplication.java'">
        <Item>
          <IdeaActionID>Compile</IdeaActionID>
          <ShortCut>'⇧⌘F9'</ShortCut>
          <Description>Recompile 'DemoApplication.java'</Description>
          <Count>1</Count>
        </Item>
      </Statistic>
      <Statistic Action="Reload Page">
        <Item>
          <IdeaActionID>Console.TableResult.Reload</IdeaActionID>
          <ShortCut>'⌘R'</ShortCut>
          <Description>Reload Page</Description>
          <Count>17</Count>
        </Item>
      </Statistic>
      <Statistic Action="Rerun 'All Backend Tests'">
        <Item>
          <IdeaActionID>Rerun</IdeaActionID>
          <ShortCut>'⌘R' or '⌃L'</ShortCut>
          <Description>Rerun 'All Backend Tests'</Description>
          <Count>1</Count>
        </Item>
      </Statistic>
      <Statistic Action="Rerun 'All backend tests'">
        <Item>
          <IdeaActionID>Rerun</IdeaActionID>
          <ShortCut>'⌘R' or '⌃L'</ShortCut>
          <Description>Rerun 'All backend tests'</Description>
          <Count>1</Count>
        </Item>
      </Statistic>
      <Statistic Action="Rerun 'All frontend tests'">
        <Item>
          <IdeaActionID>Rerun</IdeaActionID>
          <ShortCut>'⌘R' or '⌃L'</ShortCut>
          <Description>Rerun 'All frontend tests'</Description>
          <Count>1</Count>
        </Item>
      </Statistic>
      <Statistic Action="Rerun 'All in labs-crunch-master'">
        <Item>
          <IdeaActionID>Rerun</IdeaActionID>
          <ShortCut>'⌘R' or '⌃L'</ShortCut>
          <Description>Rerun 'All in labs-crunch-master'</Description>
          <Count>1</Count>
        </Item>
      </Statistic>
      <Statistic Action="Rerun 'All'">
        <Item>
          <IdeaActionID>Rerun</IdeaActionID>
          <ShortCut>'⌘R' or '⌃L'</ShortCut>
          <Description>Rerun 'All'</Description>
          <Count>2</Count>
        </Item>
      </Statistic>
      <Statistic Action="Rerun 'Backend Tests'">
        <Item>
          <IdeaActionID>Rerun</IdeaActionID>
          <ShortCut>'⌘R' or '⌃L'</ShortCut>
          <Description>Rerun 'Backend Tests'</Description>
          <Count>1</Count>
        </Item>
      </Statistic>
      <Statistic Action="Rerun 'BalRecRepositoryTest'">
        <Item>
          <IdeaActionID>Rerun</IdeaActionID>
          <ShortCut>'⌘R' or '⌃L'</ShortCut>
          <Description>Rerun 'BalRecRepositoryTest'</Description>
          <Count>5</Count>
        </Item>
      </Statistic>
      <Statistic Action="Rerun 'BalRecRepositoryTest.findSummary'">
        <Item>
          <IdeaActionID>Rerun</IdeaActionID>
          <ShortCut>'⌘R' or '⌃L'</ShortCut>
          <Description>Rerun 'BalRecRepositoryTest.findSummary'</Description>
          <Count>1</Count>
        </Item>
      </Statistic>
      <Statistic Action="Rerun 'HomeControllerAcceptanceTest'">
        <Item>
          <IdeaActionID>Rerun</IdeaActionID>
          <ShortCut>'⌘R' or '⌃L'</ShortCut>
          <Description>Rerun 'HomeControllerAcceptanceTest'</Description>
          <Count>1</Count>
        </Item>
      </Statistic>
      <Statistic Action="Rerun 'LoanInformationAcceptanceTest$LoanDetailData.happyPath'">
        <Item>
          <IdeaActionID>Rerun</IdeaActionID>
          <ShortCut>'⌘R' or '⌃L'</ShortCut>
          <Description>Rerun 'LoanInformationAcceptanceTest$LoanDetailData.happyPath'</Description>
          <Count>1</Count>
        </Item>
      </Statistic>
      <Statistic Action="Rerun 'LoanInformationAcceptanceTest'">
        <Item>
          <IdeaActionID>Rerun</IdeaActionID>
          <ShortCut>'⌘R' or '⌃L'</ShortCut>
          <Description>Rerun 'LoanInformationAcceptanceTest'</Description>
          <Count>1</Count>
        </Item>
      </Statistic>
      <Statistic Action="Rerun 'LoanService'">
        <Item>
          <IdeaActionID>Rerun</IdeaActionID>
          <ShortCut>'⌘R' or '⌃L'</ShortCut>
          <Description>Rerun 'LoanService'</Description>
          <Count>1</Count>
        </Item>
      </Statistic>
      <Statistic Action="Rerun 'MyApplication'">
        <Item>
          <IdeaActionID>Rerun</IdeaActionID>
          <ShortCut>'⌘R' or '⌃L'</ShortCut>
          <Description>Rerun 'MyApplication'</Description>
          <Count>3</Count>
        </Item>
      </Statistic>
      <Statistic Action="Rerun 'PropertyTaxSearchAmountsControllerTest'">
        <Item>
          <IdeaActionID>Rerun</IdeaActionID>
          <ShortCut>'⌘R' or '⌃L'</ShortCut>
          <Description>Rerun 'PropertyTaxSearchAmountsControllerTest'</Description>
          <Count>1</Count>
        </Item>
      </Statistic>
      <Statistic Action="Rerun 'RestResponseEntityExceptionHandlerTest'">
        <Item>
          <IdeaActionID>Rerun</IdeaActionID>
          <ShortCut>'⌘R' or '⌃L'</ShortCut>
          <Description>Rerun 'RestResponseEntityExceptionHandlerTest'</Description>
          <Count>1</Count>
        </Item>
      </Statistic>
      <Statistic Action="Rerun 'ServiceHandlerImplTest.whenBillYearOffsetIsEmpty_thenReturnEmptyPaymentAcceptedEventInformation'">
        <Item>
          <IdeaActionID>Rerun</IdeaActionID>
          <ShortCut>'⌘R' or '⌃L'</ShortCut>
          <Description>Rerun 'ServiceHandlerImplTest.whenBillYearOffsetIsEmpty_thenReturnEmptyPaymentAcceptedEventInformation'</Description>
          <Count>1</Count>
        </Item>
      </Statistic>
      <Statistic Action="Rerun 'TaxApplication Frontend'">
        <Item>
          <IdeaActionID>Rerun</IdeaActionID>
          <ShortCut>'⌘R' or '⌃L'</ShortCut>
          <Description>Rerun 'TaxApplication Frontend'</Description>
          <Count>1</Count>
        </Item>
      </Statistic>
      <Statistic Action="Rerun 'TaxPdApplication'">
        <Item>
          <IdeaActionID>Rerun</IdeaActionID>
          <ShortCut>'⌘R' or '⌃L'</ShortCut>
          <Description>Rerun 'TaxPdApplication'</Description>
          <Count>5</Count>
        </Item>
      </Statistic>
      <Statistic Action="Rerun 'UserControllerMockTest'">
        <Item>
          <IdeaActionID>Rerun</IdeaActionID>
          <ShortCut>'⌘R' or '⌃L'</ShortCut>
          <Description>Rerun 'UserControllerMockTest'</Description>
          <Count>1</Count>
        </Item>
      </Statistic>
      <Statistic Action="Rerun 'default'">
        <Item>
          <IdeaActionID>Rerun</IdeaActionID>
          <ShortCut>'⌘R' or '⌃L'</ShortCut>
          <Description>Rerun 'default'</Description>
          <Count>4</Count>
        </Item>
      </Statistic>
      <Statistic Action="Rerun 'e2e'">
        <Item>
          <IdeaActionID>Rerun</IdeaActionID>
          <ShortCut>'⌘R' or '⌃L'</ShortCut>
          <Description>Rerun 'e2e'</Description>
          <Count>1</Count>
        </Item>
      </Statistic>
      <Statistic Action="Rerun 'frontend'">
        <Item>
          <IdeaActionID>Rerun</IdeaActionID>
          <ShortCut>'⌘R' or '⌃L'</ShortCut>
          <Description>Rerun 'frontend'</Description>
          <Count>1</Count>
        </Item>
      </Statistic>
      <Statistic Action="Rerun 'http-auth.interceptor.spec.ts'">
        <Item>
          <IdeaActionID>Rerun</IdeaActionID>
          <ShortCut>'⌘R' or '⌃L'</ShortCut>
          <Description>Rerun 'http-auth.interceptor.spec.ts'</Description>
          <Count>3</Count>
        </Item>
      </Statistic>
      <Statistic Action="Rerun 'reporting.service.spec.ts'">
        <Item>
          <IdeaActionID>Rerun</IdeaActionID>
          <ShortCut>'⌘R' or '⌃L'</ShortCut>
          <Description>Rerun 'reporting.service.spec.ts'</Description>
          <Count>1</Count>
        </Item>
      </Statistic>
      <Statistic Action="Rerun 'start'">
        <Item>
          <IdeaActionID>Rerun</IdeaActionID>
          <ShortCut>'⌘R' or '⌃L'</ShortCut>
          <Description>Rerun 'start'</Description>
          <Count>3</Count>
        </Item>
      </Statistic>
      <Statistic Action="Resume Program">
        <Item>
          <IdeaActionID>Resume</IdeaActionID>
          <ShortCut>'F9'</ShortCut>
          <Description>Resume Program</Description>
          <Count>7</Count>
        </Item>
      </Statistic>
      <Statistic Action="Revert...">
        <Item>
          <IdeaActionID>ChangesView.Revert</IdeaActionID>
          <ShortCut>'⌥⌘Z'</ShortCut>
          <Description>Revert...</Description>
          <Count>1</Count>
        </Item>
      </Statistic>
      <Statistic Action="Run">
        <Item>
          <IdeaActionID>RunDashboard.Run</IdeaActionID>
          <ShortCut>'⌃⇧R'</ShortCut>
          <Description>Run</Description>
          <Count>8</Count>
        </Item>
      </Statistic>
      <Statistic Action="Run 'All Tests'">
        <Item>
          <IdeaActionID>RunClass</IdeaActionID>
          <ShortCut>'⌃⇧R'</ShortCut>
          <Description>Run 'All Tests'</Description>
          <Count>2</Count>
        </Item>
      </Statistic>
      <Statistic Action="Run 'All backend tests'">
        <Item>
          <IdeaActionID>RunClass</IdeaActionID>
          <ShortCut>'⌃⇧R'</ShortCut>
          <Description>Run 'All backend tests'</Description>
          <Count>1</Count>
        </Item>
      </Statistic>
      <Statistic Action="Run 'DemoApplication'">
        <Item>
          <IdeaActionID>Run</IdeaActionID>
          <ShortCut>'⌃R'</ShortCut>
          <Description>Run 'DemoApplication'</Description>
          <Count>1</Count>
        </Item>
      </Statistic>
      <Statistic Action="Run 'SetTest'">
        <Item>
          <IdeaActionID>Run</IdeaActionID>
          <ShortCut>'⌃R'</ShortCut>
          <Description>Run 'SetTest'</Description>
          <Count>1</Count>
        </Item>
      </Statistic>
      <Statistic Action="Set Value...">
        <Item>
          <IdeaActionID>XDebugger.SetValue</IdeaActionID>
          <ShortCut>'F2'</ShortCut>
          <Description>Set Value...</Description>
          <Count>7</Count>
        </Item>
      </Statistic>
      <Statistic Action="Stop">
        <Item>
          <IdeaActionID>RunDashboard.Stop</IdeaActionID>
          <ShortCut>'⌘F2'</ShortCut>
          <Description>Stop</Description>
          <Count>10</Count>
        </Item>
      </Statistic>
      <Statistic Action="Stop 'All frontend tests'">
        <Item>
          <IdeaActionID>Stop</IdeaActionID>
          <ShortCut>'⌘F2'</ShortCut>
          <Description>Stop 'All frontend tests'</Description>
          <Count>1</Count>
        </Item>
      </Statistic>
      <Statistic Action="Stop 'All'">
        <Item>
          <IdeaActionID>Stop</IdeaActionID>
          <ShortCut>'⌘F2'</ShortCut>
          <Description>Stop 'All'</Description>
          <Count>1</Count>
        </Item>
      </Statistic>
      <Statistic Action="Stop 'Backend Tests'">
        <Item>
          <IdeaActionID>Stop</IdeaActionID>
          <ShortCut>'⌘F2'</ShortCut>
          <Description>Stop 'Backend Tests'</Description>
          <Count>7</Count>
        </Item>
      </Statistic>
      <Statistic Action="Stop 'BalRecDetailRepositoryTest.findDetail'">
        <Item>
          <IdeaActionID>Stop</IdeaActionID>
          <ShortCut>'⌘F2'</ShortCut>
          <Description>Stop 'BalRecDetailRepositoryTest.findDetail'</Description>
          <Count>2</Count>
        </Item>
      </Statistic>
      <Statistic Action="Stop 'BalRecRepositoryTest.findSummary'">
        <Item>
          <IdeaActionID>Stop</IdeaActionID>
          <ShortCut>'⌘F2'</ShortCut>
          <Description>Stop 'BalRecRepositoryTest.findSummary'</Description>
          <Count>3</Count>
        </Item>
      </Statistic>
      <Statistic Action="Stop 'CommandEventPaymentStartTest'">
        <Item>
          <IdeaActionID>Stop</IdeaActionID>
          <ShortCut>'⌘F2'</ShortCut>
          <Description>Stop 'CommandEventPaymentStartTest'</Description>
          <Count>2</Count>
        </Item>
      </Statistic>
      <Statistic Action="Stop 'DemoApplication'">
        <Item>
          <IdeaActionID>Stop</IdeaActionID>
          <ShortCut>'⌘F2'</ShortCut>
          <Description>Stop 'DemoApplication'</Description>
          <Count>3</Count>
        </Item>
      </Statistic>
      <Statistic Action="Stop 'Frontend Tests'">
        <Item>
          <IdeaActionID>Stop</IdeaActionID>
          <ShortCut>'⌘F2'</ShortCut>
          <Description>Stop 'Frontend Tests'</Description>
          <Count>2</Count>
        </Item>
      </Statistic>
      <Statistic Action="Stop 'LabsCrunchMasterApplication (PostGres)'">
        <Item>
          <IdeaActionID>Stop</IdeaActionID>
          <ShortCut>'⌘F2'</ShortCut>
          <Description>Stop 'LabsCrunchMasterApplication (PostGres)'</Description>
          <Count>1</Count>
        </Item>
      </Statistic>
      <Statistic Action="Stop 'LoanInfoServiceTest$RetrieveLoanDetail.happyPath'">
        <Item>
          <IdeaActionID>Stop</IdeaActionID>
          <ShortCut>'⌘F2'</ShortCut>
          <Description>Stop 'LoanInfoServiceTest$RetrieveLoanDetail.happyPath'</Description>
          <Count>7</Count>
        </Item>
      </Statistic>
      <Statistic Action="Stop 'LoanInformationAcceptanceTest$LoanDetailData.happyPath'">
        <Item>
          <IdeaActionID>Stop</IdeaActionID>
          <ShortCut>'⌘F2'</ShortCut>
          <Description>Stop 'LoanInformationAcceptanceTest$LoanDetailData.happyPath'</Description>
          <Count>3</Count>
        </Item>
      </Statistic>
      <Statistic Action="Stop 'MyApplication'">
        <Item>
          <IdeaActionID>Stop</IdeaActionID>
          <ShortCut>'⌘F2'</ShortCut>
          <Description>Stop 'MyApplication'</Description>
          <Count>3</Count>
        </Item>
      </Statistic>
      <Statistic Action="Stop 'PosPayParserTest.parseFile'">
        <Item>
          <IdeaActionID>Stop</IdeaActionID>
          <ShortCut>'⌘F2'</ShortCut>
          <Description>Stop 'PosPayParserTest.parseFile'</Description>
          <Count>1</Count>
        </Item>
      </Statistic>
      <Statistic Action="Stop 'TaxApplication'">
        <Item>
          <IdeaActionID>Stop</IdeaActionID>
          <ShortCut>'⌘F2'</ShortCut>
          <Description>Stop 'TaxApplication'</Description>
          <Count>8</Count>
        </Item>
      </Statistic>
      <Statistic Action="Stop 'TaxPdApplication'">
        <Item>
          <IdeaActionID>Stop</IdeaActionID>
          <ShortCut>'⌘F2'</ShortCut>
          <Description>Stop 'TaxPdApplication'</Description>
          <Count>22</Count>
        </Item>
      </Statistic>
      <Statistic Action="Stop 'Utilities'">
        <Item>
          <IdeaActionID>Stop</IdeaActionID>
          <ShortCut>'⌘F2'</ShortCut>
          <Description>Stop 'Utilities'</Description>
          <Count>1</Count>
        </Item>
      </Statistic>
      <Statistic Action="Stop 'build:ci'">
        <Item>
          <IdeaActionID>Stop</IdeaActionID>
          <ShortCut>'⌘F2'</ShortCut>
          <Description>Stop 'build:ci'</Description>
          <Count>1</Count>
        </Item>
      </Statistic>
      <Statistic Action="Stop 'default'">
        <Item>
          <IdeaActionID>Stop</IdeaActionID>
          <ShortCut>'⌘F2'</ShortCut>
          <Description>Stop 'default'</Description>
          <Count>1</Count>
        </Item>
      </Statistic>
      <Statistic Action="Stop 'e2e'">
        <Item>
          <IdeaActionID>Stop</IdeaActionID>
          <ShortCut>'⌘F2'</ShortCut>
          <Description>Stop 'e2e'</Description>
          <Count>2</Count>
        </Item>
      </Statistic>
      <Statistic Action="Stop 'frontend'">
        <Item>
          <IdeaActionID>Stop</IdeaActionID>
          <ShortCut>'⌘F2'</ShortCut>
          <Description>Stop 'frontend'</Description>
          <Count>2</Count>
        </Item>
      </Statistic>
      <Statistic Action="Stop 'jgal-web-struts [org.springframework.boot:spring-boot-maven-plugin:1.3.5.RELEASE:run]'">
        <Item>
          <IdeaActionID>Stop</IdeaActionID>
          <ShortCut>'⌘F2'</ShortCut>
          <Description>Stop 'jgal-web-struts [org.springframework.boot:spring-boot-maven-plugin:1.3.5.RELEASE:run]'</Description>
          <Count>1</Count>
        </Item>
      </Statistic>
      <Statistic Action="Stop 'main.component.spec.ts'">
        <Item>
          <IdeaActionID>Stop</IdeaActionID>
          <ShortCut>'⌘F2'</ShortCut>
          <Description>Stop 'main.component.spec.ts'</Description>
          <Count>1</Count>
        </Item>
      </Statistic>
      <Statistic Action="Stop 'start'">
        <Item>
          <IdeaActionID>Stop</IdeaActionID>
          <ShortCut>'⌘F2'</ShortCut>
          <Description>Stop 'start'</Description>
          <Count>5</Count>
        </Item>
      </Statistic>
      <Statistic Action="Submit">
        <Item>
          <IdeaActionID>Console.TableResult.Submit</IdeaActionID>
          <ShortCut>'⌘⏎'</ShortCut>
          <Description>Submit</Description>
          <Count>1</Count>
        </Item>
      </Statistic>
      <Statistic Action="Synchronize">
        <Item>
          <IdeaActionID>DatabaseView.SynchronizeAction</IdeaActionID>
          <ShortCut>'⌥⌘Y'</ShortCut>
          <Description>Synchronize</Description>
          <Count>3</Count>
        </Item>
      </Statistic>
      <Statistic Action="Toggle Line Breakpoint">
        <Item>
          <IdeaActionID>ToggleLineBreakpoint</IdeaActionID>
          <ShortCut>'⌘F8'</ShortCut>
          <Description>Toggle Line Breakpoint</Description>
          <Count>7</Count>
        </Item>
      </Statistic>
      <Statistic Action="Type Declaration">
        <Item>
          <IdeaActionID>GotoTypeDeclaration</IdeaActionID>
          <ShortCut>'⇧⌘B' or '⌃⇧B' or '⇧⌘Button1 Click' or '⇧Button2 Click'</ShortCut>
          <Description>Type Declaration</Description>
          <Count>1</Count>
        </Item>
      </Statistic>
      <Statistic Action="Upload to...">
        <Item>
          <IdeaActionID>PublishGroup.UploadTo</IdeaActionID>
          <ShortCut>'⌥⇧⌘X'</ShortCut>
          <Description>Upload to...</Description>
          <Count>2</Count>
        </Item>
      </Statistic>
    </option>
    <option name="suppressed">
      <Statistic Action="Reimport All Maven Projects">
        <Item>
          <IdeaActionID>Maven.Reimport</IdeaActionID>
          <Description>Reimport All Maven Projects</Description>
        </Item>
      </Statistic>
      <Statistic Action="Rerun 'main.component.spec.ts'">
        <Item>
          <IdeaActionID>Rerun</IdeaActionID>
          <ShortCut>'⌘R' or '⌃L'</ShortCut>
          <Description>Rerun 'main.component.spec.ts'</Description>
          <Count>8</Count>
        </Item>
      </Statistic>
    </option>
  </component>
</application>