<application>
  <component name="AppInspectionProfilesVisibleTreeState">
    <entry key="Default">
      <profile-state>
        <expanded-state>
          <State>
            <id />
          </State>
        </expanded-state>
        <selected-state>
          <State>
            <id>Abstraction issues</id>
          </State>
        </selected-state>
      </profile-state>
    </entry>
  </component>
  <component name="BuiltInServerOptions" builtInServerPort="63343" />
  <component name="CodeStyleSchemes">
    <option name="CURRENT_SCHEME_NAME" value="Default" />
  </component>
  <component name="CodeStyleSchemesUIConfiguration">
    <option name="RECENT_IMPORT_FILE_LOCATION" value="file:$USER_HOME$/Downloads/weazbootgradle%20Code%20Style.xml" />
  </component>
  <component name="CvsApplicationLevelConfiguration">
    <option name="PATH_TO_PASSWORD_FILE" value="$userdir/.cvspass" />
  </component>
  <component name="GlobalAntConfiguration">
    <filtersTableLayout />
    <propertiesTableLayout />
  </component>
  <component name="NodeJsLocalInterpreters">
    <local-interpreter path="/usr/local/bin/node">
      <version-cache last-modified="1520520000000" />
    </local-interpreter>
    <local-interpreter path="$USER_HOME$/.nvm/versions/node/v10.11.0/bin/node">
      <version-cache version="10.11.0" last-modified="1537428315000" />
    </local-interpreter>
    <local-interpreter path="$USER_HOME$/.nvm/versions/node/v9.10.0/bin/node">
      <version-cache version="9.10.0" last-modified="1522221486000" />
    </local-interpreter>
    <local-interpreter path="$USER_HOME$/.nvm/versions/node/v8.15.0/bin/node">
      <version-cache version="8.15.0" last-modified="1545800302000" />
    </local-interpreter>
    <local-interpreter path="$USER_HOME$/.nvm/versions/node/v8.11.0/bin/node">
      <version-cache version="8.11.0" last-modified="1522224119000" />
    </local-interpreter>
    <local-interpreter path="/usr/local/Cellar/node/7.10.0/bin/node">
      <version-cache last-modified="0" />
    </local-interpreter>
    <local-interpreter path="$USER_HOME$/.nvm/versions/node/v7.7.2/bin/node">
      <version-cache version="7.7.2" last-modified="1488975917000" />
    </local-interpreter>
    <local-interpreter path="/usr/local/Cellar/node/7.7.1/bin/node">
      <version-cache last-modified="0" />
    </local-interpreter>
    <local-interpreter path="/usr/local/Cellar/node/7.5.0/bin/node">
      <version-cache last-modified="0" />
    </local-interpreter>
    <local-interpreter path="/usr/local/Cellar/node/6.4.0/bin/node">
      <version-cache last-modified="0" />
    </local-interpreter>
    <local-interpreter path="/usr/local/Cellar/node/6.3.1/bin/node">
      <version-cache last-modified="0" />
    </local-interpreter>
    <local-interpreter path="/usr/local/Cellar/node/6.2.1/bin/node">
      <version-cache last-modified="0" />
    </local-interpreter>
  </component>
  <component name="NodeLocalInterpreterManager">
    <node-interpreter path="/usr/local/bin/node" version="6.4.0" last-modified="1471271247000" />
    <node-interpreter path="/usr/local/Cellar/node/5.7.0/bin/node" version="(Does not exist)" last-modified="1474382543323" />
  </component>
  <component name="PropertiesComponent">
    <property name="AFTER.DISTRACTION.MODE.ARE_GUTTER_ICONS_SHOWN" value="false" />
    <property name="AFTER.DISTRACTION.MODE.ARE_LINE_NUMBERS_SHOWN" value="true" />
    <property name="AFTER.DISTRACTION.MODE.EDITOR_TAB_PLACEMENT" value="0" />
    <property name="AFTER.DISTRACTION.MODE.HIDE_TOOL_STRIPES" value="true" />
    <property name="AFTER.DISTRACTION.MODE.IS_FOLDING_OUTLINE_SHOWN" value="false" />
    <property name="AFTER.DISTRACTION.MODE.IS_INDENT_GUIDES_SHOWN" value="true" />
    <property name="AFTER.DISTRACTION.MODE.IS_RIGHT_MARGIN_SHOWN" value="false" />
    <property name="AFTER.DISTRACTION.MODE.IS_WHITESPACES_SHOWN" value="false" />
    <property name="AFTER.DISTRACTION.MODE.SHOW_BREADCRUMBS" value="false" />
    <property name="AFTER.DISTRACTION.MODE.SHOW_MAIN_TOOLBAR" value="false" />
    <property name="AFTER.DISTRACTION.MODE.SHOW_METHOD_SEPARATORS" value="false" />
    <property name="AFTER.DISTRACTION.MODE.SHOW_NAVIGATION_BAR" value="false" />
    <property name="AFTER.DISTRACTION.MODE.SHOW_STATUS_BAR" value="false" />
    <property name="BEFORE.DISTRACTION.MODE.ARE_GUTTER_ICONS_SHOWN" value="true" />
    <property name="BEFORE.DISTRACTION.MODE.ARE_LINE_NUMBERS_SHOWN" value="true" />
    <property name="BEFORE.DISTRACTION.MODE.EDITOR_TAB_PLACEMENT" value="0" />
    <property name="BEFORE.DISTRACTION.MODE.HIDE_TOOL_STRIPES" value="false" />
    <property name="BEFORE.DISTRACTION.MODE.IS_FOLDING_OUTLINE_SHOWN" value="true" />
    <property name="BEFORE.DISTRACTION.MODE.IS_INDENT_GUIDES_SHOWN" value="true" />
    <property name="BEFORE.DISTRACTION.MODE.IS_RIGHT_MARGIN_SHOWN" value="true" />
    <property name="BEFORE.DISTRACTION.MODE.IS_WHITESPACES_SHOWN" value="true" />
    <property name="BEFORE.DISTRACTION.MODE.SHOW_BREADCRUMBS" value="true" />
    <property name="BEFORE.DISTRACTION.MODE.SHOW_MAIN_TOOLBAR" value="true" />
    <property name="BEFORE.DISTRACTION.MODE.SHOW_METHOD_SEPARATORS" value="true" />
    <property name="BEFORE.DISTRACTION.MODE.SHOW_NAVIGATION_BAR" value="true" />
    <property name="BEFORE.DISTRACTION.MODE.SHOW_STATUS_BAR" value="true" />
    <property name="CommitChangeListDialog.DETAILS_SPLITTER_PROPORTION_2" value="0.6748387" />
    <property name="Copy.OpenInEditor" value="true" />
    <property name="DBE.Default.Dialect" value="" />
    <property name="ExpandBeforeRunStepsPanel" value="true" />
    <property name="ExpandRunDashboardTypesPanel" value="false" />
    <property name="FileTemplates.SelectedTemplate" value="HTML File" />
    <property name="InstalledPluginsSearchHistory" value="settings&#10;theme" />
    <property name="JUnitSupport.hideIgnoredTests" value="false" />
    <property name="JUnitSupport.hidePassedTests" value="false" />
    <property name="JUnitSupport.scrollToSource" value="true" />
    <property name="KEYMAP" value="console&#10;checkstyle&#10;edit source&#10;location&#10;navigate to last" />
    <property name="KarmaJavaScriptTestRunnerSupport.hideIgnoredTests" value="false" />
    <property name="KarmaJavaScriptTestRunnerSupport.hidePassedTests" value="false" />
    <property name="KarmaJavaScriptTestRunnerSupport.scrollToSource" value="true" />
    <property name="KarmaJavaScriptTestRunnerSupport.selectFirtsDefect" value="true" />
    <property name="LayoutCode.codeCleanup" value="true" />
    <property name="LayoutCode.optimizeImports" value="true" />
    <property name="LayoutCode.rearrangeEntries" value="true" />
    <property name="LayoutCode.rearrangeEntriesJava" value="true" />
    <property name="LiveContextsPanel[0]" value="0.1448226" />
    <property name="MavenModuleWizard.inheritGroupId" value="true" />
    <property name="MavenModuleWizard.inheritVersion" value="true" />
    <property name="MemberChooser.copyJavadoc" value="false" />
    <property name="MemberChooser.showClasses" value="true" />
    <property name="PluginConfigurable.selectionTab" value="1" />
    <property name="SettingsSearchHistory" value="live templates&#10;imports&#10;check&#10;indent&#10;ind" />
    <property name="ShowDocumentationInToolWindow" value="false" />
    <property name="Vcs.Log.Text.Filter.History" value="module" />
    <property name="build.toolwindow.Sync.selection.state" value="com.intellij.build.BuildTreeConsoleView" />
    <property name="com.intellij.database.actions.DdlActions$DeleteProvider2$1.previewExpanded" value="true" />
    <property name="com.intellij.history.integration.ui.views.FileHistoryDialog.0" value="164" />
    <property name="com.intellij.history.integration.ui.views.FileHistoryDialog.1" value="800" />
    <property name="com.intellij.openapi.roots.ui.configuration.TabbedModuleEditor.selectedEditor" value="Sources" />
    <property name="decompiler.legal.notice.accepted" value="true" />
    <property name="defaultJdkConfigured" value="true" />
    <property name="export.settings.marked" value="abbreviations.xml|checkstyle-idea.xml|editor.codeinsight.xml|codestyles|databaseDrivers.xml|databaseSettings.xml|debugger.xml|project.default.xml|colors.scheme.xml|colors|editor.xml|equalsHashCodeTemplates.xml|fileTemplates|filetypes.xml|filetypes|find.xml|ide.general.xml|getterTemplates.xml|git.xml|github.xml|gradle.run.settings.xml|groovy_config.xml|proxy.settings.xml|inspection|intentionSettings.xml|javaeeExternalResources.xml|keymap.xml|keymaps|KeyPromoterXStatistic.xml|IntelliLang.xml|templates.xml|templates|lombok-plugin.xml|laf.xml|macros.xml|markdown.xml|hg.xml|notifications.xml|parameter.hints.xml|path.macros.xml|plugin_ui.xml|projectView.xml|quicklists|other.xml|baseRefactoring.xml|remoteTools|remote-servers.xml|diff.xml|toStringTemplates.xml|tools|ui.lnf.xml|updates.xml|usageView.xml|vcs.xml|web-browsers.xml|xpath.xml|" />
    <property name="export.settings.path" value="/source/tutorials/kata/config/settings.zip" />
    <property name="file.gist.reindex.count" value="219017" />
    <property name="fileTypeChangedCounter" value="1" />
    <property name="installed.kotlin.plugin.version" value="1.3.21-release-IJ2018.3-1" />
    <property name="introduce.final.checkbox" value="false" />
    <property name="jdk.selected.JAVA_MODULE" value="1.8" />
    <property name="kotlin.lastUpdateCheck" value="1549036419059" />
    <property name="project.wizard.group" value="org.jetbrains.idea.maven.wizards.MavenModuleBuilder" />
    <property name="project.wizard.template" value="Maven" />
    <property name="rerun.tests.notification.shown" value="true" />
    <property name="run.configuration.delete.ad" value="true" />
    <property name="run.configuration.edit.ad" value="true" />
    <property name="settings.code.style.selected.tab.JAVA" value="Imports" />
    <property name="settings.code.style.selected.tab.TypeScript" value="Imports" />
    <property name="spring.initializr.service.url.history" value="" />
    <property name="spring.initializr.service.url.last" value="https://start.spring.io" />
    <property name="structural.search.match.case" value="true" />
    <property name="structural.search.recursive" value="true" />
    <property name="ts.lib.d.ts.version" value="3.2.1" />
  </component>
  <component name="RecentTaskRepositories">
    <PivotalTracker shared="false" url="https://www.pivotaltracker.com">
      <option name="APIKey" value="f2db1a26d54c6d9d48efc04fdf732d69" />
      <commitMessageFormat>[#{id}]</commitMessageFormat>
      <password />
      <option name="loginAnonymously" value="false" />
      <option name="preferredCloseTaskState" />
      <option name="preferredOpenTaskState" />
      <option name="projectId" value="1055296" />
      <option name="shouldFormatCommitMessage" value="true" />
      <option name="useHttpAuthentication" value="false" />
      <option name="useProxy" value="false" />
      <username />
    </PivotalTracker>
  </component>
  <component name="SelectProjectTemplateSettings">
    <option name="EXPERT_MODE" value="true" />
  </component>
  <component name="SystemNotifications">
    <option name="NOTIFICATIONS">
      <set>
        <option value="Compiler (success)" />
        <option value="TestRunner" />
      </set>
    </option>
  </component>
  <component name="VcsApplicationSettings">
    <option name="PATCH_STORAGE_LOCATION" />
  </component>
  <component name="com.intellij.ide.fileTemplates.impl.FileTemplateManagerImpl">
    <recent_templates>
      <option name="RECENT_TEMPLATES">
        <value>
          <list size="0" />
        </value>
      </option>
    </recent_templates>
  </component>
  <component name="com.intellij.javaee.ExternalResourceManagerImpl">
    <ignored-resource url="http://relaxng.org/ns/compatibility/annotations/1.0" />
    <ignored-resource url="urn:idea:xslt-plugin#extensions" />
    <ignored-resource url="tapestry:parameter" />
    <ignored-resource url="http://www.w3.org/1998/Math/MathML" />
    <ignored-resource url="http://exslt.org/dates-and-times" />
    <ignored-resource url="http://exslt.org/math" />
    <ignored-resource url="http://exslt.org/dynamic" />
    <ignored-resource url="http://exslt.org/common" />
    <ignored-resource url="http://exslt.org/sets" />
    <ignored-resource url="http://exslt.org/strings" />
    <ignored-resource url="http://www.w3.org/2000/svg" />
  </component>
</application>