<application>
  <component name="GitRememberedInputs">
    <option name="visitedUrls">
      <list>
        <UrlAndUserName>
          <option name="url" value="https://github.com/sbourget-cl/ui4j.git" />
          <option name="userName" value="" />
        </UrlAndUserName>
        <UrlAndUserName>
          <option name="url" value="https://github.com/themadweaz/weazbootgradle.git" />
          <option name="userName" value="" />
        </UrlAndUserName>
      </list>
    </option>
    <option name="cloneParentDir" value="$USER_HOME$/workspace" />
  </component>
  <component name="Vcs.Log.App.Settings">
    <option name="MIGRATED" value="true" />
  </component>
  <component name="VcsApplicationSettings">
    <option name="SHOW_LST_WORD_DIFFERENCES" value="false" />
  </component>
</application>